{"cameraMode":{"drawMode":0,"name":"Shaded","section":"Shading Mode"},"sceneLighting":false,"audioPlay":false,"sceneViewState":{"m_AlwaysRefresh":false,"showFog":true,"showSkybox":false,"showFlares":true,"showImageEffects":true,"showParticleSystems":true,"showVisualEffectGraphs":true,"m_FxEnabled":true},"in2DMode":false,"pivot":{"x":-46.13851547241211,"y":0.5739803314208984,"z":-2.7164382934570314},"rotation":{"x":0.1503034085035324,"y":-0.022924605756998063,"z":0.0039046062156558038,"w":0.988559365272522},"size":0.6299545168876648,"orthographic":false}