{"cameraMode":{"drawMode":0,"name":"Shaded","section":"Shading Mode"},"sceneLighting":false,"audioPlay":false,"sceneViewState":{"m_AlwaysRefresh":false,"showFog":true,"showSkybox":false,"showFlares":true,"showImageEffects":true,"showParticleSystems":true,"showVisualEffectGraphs":true,"m_FxEnabled":true},"in2DMode":false,"pivot":{"x":-48.952877044677737,"y":0.6859815716743469,"z":-2.8030524253845217},"rotation":{"x":0.1724516749382019,"y":-0.03317886218428612,"z":0.006185878999531269,"w":0.9846332669258118},"size":0.7128535509109497,"orthographic":false}