{"cameraMode":{"drawMode":0,"name":"Shaded","section":"Shading Mode"},"sceneLighting":false,"audioPlay":false,"sceneViewState":{"m_AlwaysRefresh":false,"showFog":true,"showSkybox":false,"showFlares":true,"showImageEffects":true,"showParticleSystems":true,"showVisualEffectGraphs":true,"m_FxEnabled":true},"in2DMode":false,"pivot":{"x":-21.79963493347168,"y":0.4167318344116211,"z":-1.3174960613250733},"rotation":{"x":0.1594509780406952,"y":-0.28502586483955386,"z":0.04844179376959801,"w":0.9441177248954773},"size":22.392351150512697,"orthographic":false}