{"cameraMode":{"drawMode":0,"name":"Shaded","section":"Shading Mode"},"sceneLighting":false,"audioPlay":false,"sceneViewState":{"m_AlwaysRefresh":false,"showFog":true,"showSkybox":false,"showFlares":true,"showImageEffects":true,"showParticleSystems":true,"showVisualEffectGraphs":true,"m_FxEnabled":true},"in2DMode":false,"pivot":{"x":-52.16118621826172,"y":0.47790226340293887,"z":-4.836312770843506},"rotation":{"x":0.24857869744300843,"y":-0.03985806554555893,"z":0.010611699894070626,"w":0.9679304957389832},"size":0.6203382611274719,"orthographic":false}