{"cameraMode":{"drawMode":0,"name":"Shaded","section":"Shading Mode"},"sceneLighting":false,"audioPlay":false,"sceneViewState":{"m_AlwaysRefresh":false,"showFog":true,"showSkybox":false,"showFlares":true,"showImageEffects":true,"showParticleSystems":true,"showVisualEffectGraphs":true,"m_FxEnabled":true},"in2DMode":false,"pivot":{"x":-50.78855514526367,"y":0.5140963792800903,"z":-4.578494071960449},"rotation":{"x":0.20485557615756989,"y":-0.03148650377988815,"z":0.006984350271522999,"w":0.9784569144248962},"size":0.8509117364883423,"orthographic":false}