{"cameraMode":{"drawMode":0,"name":"Shaded","section":"Shading Mode"},"sceneLighting":true,"audioPlay":false,"sceneViewState":{"m_AlwaysRefresh":false,"showFog":true,"showSkybox":true,"showFlares":true,"showImageEffects":true,"showParticleSystems":true,"showVisualEffectGraphs":true,"m_FxEnabled":true},"in2DMode":false,"pivot":{"x":-15.785469055175782,"y":1.8726643323898316,"z":-1.9663219451904297},"rotation":{"x":-0.24312734603881837,"y":-0.14750471711158753,"z":0.036759402602910998,"w":-0.9581745266914368},"size":2.2494277954101564,"orthographic":false}