{"cameraMode":{"drawMode":0,"name":"Shaded","section":"Shading Mode"},"sceneLighting":true,"audioPlay":false,"sceneViewState":{"m_AlwaysRefresh":false,"showFog":true,"showSkybox":true,"showFlares":true,"showImageEffects":true,"showParticleSystems":true,"showVisualEffectGraphs":true,"m_FxEnabled":true},"in2DMode":false,"pivot":{"x":21.995580673217775,"y":-1.39897882938385,"z":15.764350891113282},"rotation":{"x":-0.09071370214223862,"y":0.031987398862838748,"z":-0.003636782057583332,"w":-0.9954914450645447},"size":15.082636833190918,"orthographic":false}