{"cameraMode":{"drawMode":0,"name":"Shaded","section":"Shading Mode"},"sceneLighting":true,"audioPlay":false,"sceneViewState":{"m_AlwaysRefresh":false,"showFog":true,"showSkybox":true,"showFlares":true,"showImageEffects":true,"showParticleSystems":true,"showVisualEffectGraphs":true,"m_FxEnabled":true},"in2DMode":false,"pivot":{"x":42.69709014892578,"y":1.2481908798217774,"z":-7.898606777191162},"rotation":{"x":0.002667703665792942,"y":-0.5947176218032837,"z":0.0019392966059967876,"w":0.8039590120315552},"size":2.379026174545288,"orthographic":false}