{"cameraMode":{"drawMode":0,"name":"Shaded","section":"Shading Mode"},"sceneLighting":true,"audioPlay":false,"sceneViewState":{"m_AlwaysRefresh":false,"showFog":true,"showSkybox":true,"showFlares":true,"showImageEffects":true,"showParticleSystems":true,"showVisualEffectGraphs":true,"m_FxEnabled":true},"in2DMode":false,"pivot":{"x":6.0953755378723148,"y":17.228553771972658,"z":-26.963552474975587},"rotation":{"x":-0.11582431197166443,"y":0.07264091819524765,"z":-0.008843285031616688,"w":-0.9907892346382141},"size":0.9714741110801697,"orthographic":false}