{"cameraMode":{"drawMode":0,"name":"Shaded","section":"Shading Mode"},"sceneLighting":true,"audioPlay":false,"sceneViewState":{"m_AlwaysRefresh":false,"showFog":true,"showSkybox":true,"showFlares":true,"showImageEffects":true,"showParticleSystems":true,"showVisualEffectGraphs":true,"m_FxEnabled":true},"in2DMode":false,"pivot":{"x":-8.48589038848877,"y":3.925668239593506,"z":-14.973836898803711},"rotation":{"x":0.10332126170396805,"y":0.009202282875776291,"z":-0.0006962268962524831,"w":0.9947004914283752},"size":2.379026174545288,"orthographic":false}