{"cameraMode":{"drawMode":0,"name":"Shaded","section":"Shading Mode"},"sceneLighting":true,"audioPlay":false,"sceneViewState":{"m_AlwaysRefresh":false,"showFog":true,"showSkybox":true,"showFlares":true,"showImageEffects":true,"showParticleSystems":true,"showVisualEffectGraphs":true,"m_FxEnabled":true},"in2DMode":false,"pivot":{"x":-14.391990661621094,"y":5.640192031860352,"z":-12.145755767822266},"rotation":{"x":0.04588627442717552,"y":0.023251015692949296,"z":-0.0006634979508817196,"w":0.998863935470581},"size":0.7459908723831177,"orthographic":false}