{"cameraMode":{"drawMode":0,"name":"Shaded","section":"Shading Mode"},"sceneLighting":true,"audioPlay":false,"sceneViewState":{"m_AlwaysRefresh":false,"showFog":true,"showSkybox":true,"showFlares":true,"showImageEffects":true,"showParticleSystems":true,"showVisualEffectGraphs":true,"m_FxEnabled":true},"in2DMode":false,"pivot":{"x":-23.812728881835939,"y":1.6483569145202637,"z":14.765058517456055},"rotation":{"x":-0.09093260020017624,"y":0.2917155921459198,"z":-0.028415700420737268,"w":-0.9519141912460327},"size":18.795711517333986,"orthographic":false}